<?xml version="1.0" encoding="UTF-8" ?>
<!DOCTYPE struts PUBLIC
	"-//Apache Software Foundation//DTD Struts Configuration 2.3//EN"
	"http://struts.apache.org/dtds/struts-2.3.dtd">

<struts>

    <constant name="struts.devMode" value="false" />
    
    <package name="default" namespace="/" extends="struts-default">

        
        <action name="ad" class="action.add" method="ad">
            <result>/question.jsp</result>
        </action>
        
        <action name="an">
            <result>/answer.jsp</result>
        </action>
        
        <action name="back" class="action.add" method="back">
            <result>/home.html</result>
        </action>
        
    </package>

</struts>
