<?xml version="1.0" encoding="UTF-8" ?>
<!DOCTYPE struts PUBLIC
	"-//Apache Software Foundation//DTD Struts Configuration 2.3//EN"
	"http://struts.apache.org/dtds/struts-2.3.dtd">

<struts>

    <constant name="struts.devMode" value="true" />

    <!--  
    <constant name="struts.enable.DynamicMethodInvocation" value="false" />
    <package name="default" namespace="/" extends="struts-default">

        <default-action-ref name="index" />

        <global-results>
            <result name="error">/WEB-INF/jsp/error.jsp</result>
        </global-results>

        <global-exception-mappings>
            <exception-mapping exception="java.lang.Exception" result="error"/>
        </global-exception-mappings>

        <action name="index">
            <result type="redirectAction">
                <param name="actionName">HelloWorld</param>
                <param name="namespace">/example</param>
            </result>
        </action>
    </package>

    <include file="example.xml"/>
    -->
    <!-- Add packages here -->
    
    <package name="default" namespace="/" extends="struts-default">

        <action name="hello">
            <result>/Hello.jsp</result>
        </action>
        
        <action name="add" class="action.Add" method="add">
            <result>/Add.jsp</result>
        </action>
        
        <action name="data" class="action.Add" method="data">
            <result>/Data.jsp</result>
        </action>
        
        <action name="data2" class="action.Data" method="data2">
            <result>/Data2.jsp</result>
        </action>
        
        <action name="judge" class="action.Data" method="judge">
            <result name="success">/Success.jsp</result>
            <result name="error">/Error.jsp</result>
        </action>
        
        <action name="form1" class="action.Form1">
            <result>/Users.jsp</result>
        </action>
        
        <action name="form2" class="action.Form2">
            <result>/Users.jsp</result>
        </action>
        
        <action name="form3" class="action.Form3">
            <result>/Users.jsp</result>
        </action>
        
        <action name="form4" class="action.Form4">
            <result>/Users.jsp</result>
        </action>
        
        <action name="form">
            <result>/Form.jsp</result>
        </action>
        
    </package>

</struts>
